Marke_Code,Marke,ParentSKU,ProductName,Kategorie_Code,Kategorie,Resolution_hint,Extracted_ID,Units_total,Revenue_total,Units_2022,Revenue_2022,Units_2023,Revenue_2023,Units_2024,Revenue_2024,Units_2025,Revenue_2025,Units_2026,Revenue_2026,Units_2022-Q1,Revenue_2022-Q1,Units_2022-Q2,Revenue_2022-Q2,Units_2022-Q3,Revenue_2022-Q3,Units_2022-Q4,Revenue_2022-Q4,Units_2023-Q1,Revenue_2023-Q1,Units_2023-Q2,Revenue_2023-Q2,Units_2023-Q3,Revenue_2023-Q3,Units_2023-Q4,Revenue_2023-Q4,Units_2024-Q1,Revenue_2024-Q1,Units_2024-Q2,Revenue_2024-Q2,Units_2024-Q3,Revenue_2024-Q3,Units_2024-Q4,Revenue_2024-Q4,Units_2025-Q1,Revenue_2025-Q1,Units_2025-Q2,Revenue_2025-Q2,Units_2025-Q3,Revenue_2025-Q3,Units_2025-Q4,Revenue_2025-Q4,Units_2026-Q1,Revenue_2026-Q1,Units_2026-Q2,Revenue_2026-Q2
122,KEEPERsport,KS70007-907,KEEPERsport Torwarttrikot Grün,1009,Torwartset,dash_pattern,KS70007-907,549,13150.64,0,0.0,237,5060.62,63,2023.01,238,5685.73,11,381.28,0,0.0,0,0.0,0,0.0,0,0.0,0,0.0,0,0.0,198,3953.42,39,1107.2,8,270.44,18,509.01,21,672.57,16,570.99,6,242.5,52,1477.73,157,3285.37,23,680.13,10,355.02,1,26.26
122,KEEPERsport,KS70005-407,KEEPERsport Torwarttrikot Set Challange,1009,Torwartset,dash_pattern,KS70005-407,746,10548.88,415,5615.48,131,2733.02,128,1431.11,72,769.27,0,0.0,0,0.0,0,0.0,329,3975.94,86,1639.54,43,887.21,38,803.97,26,539.85,24,501.99,24,377.16,26,287.6,49,487.59,29,278.76,10,146.64,26,313.19,32,259.35,4,50.09,0,0.0,0,0.0
122,KEEPERsport,KS70002-116,KEEPERsport Torwarttrikot Set Premier R,1009,Torwartset,dash_pattern,KS70002-116,332,10270.93,168,5610.33,100,3199.82,34,874.19,30,586.59,0,0.0,6,214.32,43,1467.6,72,2288.35,47,1640.06,39,1344.72,20,661.54,32,915.6,9,277.96,3,101.64,22,609.47,3,52.29,6,110.79,1,22.49,12,252.95,15,274.08,2,37.07,0,0.0,0,0.0
122,KEEPERsport,KS70001-116,KEEPERsport Torwarttrikot Set LS Rot F1,1009,Torwartset,dash_pattern,KS70001-116,542,9880.81,323,6581.97,47,1020.44,122,1587.5,50,690.9,0,0.0,38,862.53,78,1799.32,184,3362.14,23,557.98,9,215.75,8,212.32,11,228.23,19,364.14,12,215.42,13,131.78,47,603.59,50,636.71,9,127.65,20,309.65,15,192.67,6,60.93,0,0.0,0,0.0
122,KEEPERsport,KS70007K-907,KEEPERsport Torwarttrikot Kids Grün,1009,Torwartset,dash_pattern,KS70007K-907,341,8520.77,0,0.0,117,2545.54,40,1268.69,176,4404.92,8,301.62,0,0.0,0,0.0,0,0.0,0,0.0,0,0.0,0,0.0,77,1554.47,40,991.07,11,438.44,20,590.0,4,136.7,5,103.55,1,44.49,66,1870.22,100,2170.01,9,320.2,8,301.62,0,0.0
122,KEEPERsport,KS70007-904,KEEPERsport Torwarttrikot Blau,1009,Torwartset,dash_pattern,KS70007-904,311,8171.01,0,0.0,0,0.0,195,4774.33,101,2818.86,15,577.82,0,0.0,0,0.0,0,0.0,0,0.0,0,0.0,0,0.0,0,0.0,0,0.0,0,0.0,17,531.89,166,3745.19,12,497.25,7,282.28,9,316.61,52,1284.88,33,935.09,11,410.83,4,166.99
122,KEEPERsport,KS70007K-904,KEEPERsport Torwarttrikot Kids Blau,1009,Torwartset,dash_pattern,KS70007K-904,289,7552.04,0,0.0,0,0.0,127,3089.7,150,4035.98,12,426.36,0,0.0,0,0.0,0,0.0,0,0.0,0,0.0,0,0.0,0,0.0,0,0.0,0,0.0,14,355.63,101,2280.97,12,453.1,6,212.45,31,989.21,68,1620.21,45,1214.11,10,353.27,2,73.09
122,KEEPERsport,KS70007-906,KEEPERsport Set Langarm Torwarttrikot G,1009,Torwartset,dash_pattern,KS70007-906,250,6793.93,0,0.0,134,3474.44,40,1260.41,68,1756.51,8,302.57,0,0.0,0,0.0,0,0.0,0,0.0,0,0.0,24,511.46,81,2089.1,29,873.88,12,374.11,6,240.65,7,293.59,15,352.06,4,173.0,3,145.02,49,1073.66,12,364.83,8,302.57,0,0.0
122,KEEPERsport,KS70007-910,KEEPERsport Torwarttrikot Rot,1009,Torwartset,dash_pattern,KS70007-910,245,6121.79,0,0.0,0,0.0,171,4096.57,71,1925.76,3,99.46,0,0.0,0,0.0,0,0.0,0,0.0,0,0.0,0,0.0,0,0.0,0,0.0,0,0.0,14,367.67,137,3100.63,20,628.27,7,242.79,3,106.25,52,1296.2,9,280.52,3,99.46,0,0.0
122,KEEPERsport,KS70001-425,KEEPERsport Torwarttrikot Set LS Blau F,1009,Torwartset,dash_pattern,KS70001-425,292,5984.84,154,3477.42,70,1516.13,62,894.55,5,81.99,1,14.75,56,1232.35,50,1122.4,26,588.65,22,534.02,11,285.51,12,280.0,21,436.96,26,513.66,7,150.57,25,371.38,22,287.38,8,85.22,0,0.0,2,32.94,0,0.0,3,49.05,1,14.75,0,0.0
122,KEEPERsport,KS70007K-906,KEEPERsport Torwarttrikot Set LS Kids G,1009,Torwartset,dash_pattern,KS70007K-906,222,5745.62,0,0.0,138,3124.35,25,903.29,53,1490.5,6,227.48,0,0.0,0,0.0,0,0.0,0,0.0,0,0.0,24,511.45,91,2019.7,23,593.2,7,273.11,8,332.54,8,221.86,2,75.78,4,152.74,14,516.34,33,771.6,2,49.82,6,227.48,0,0.0
122,KEEPERsport,KS70007K-910,KEEPERsport Torwarttrikot Kids Rot,1009,Torwartset,dash_pattern,KS70007K-910,212,5438.36,0,0.0,0,0.0,142,3434.28,64,1797.69,6,206.39,0,0.0,0,0.0,0,0.0,0,0.0,0,0.0,0,0.0,0,0.0,0,0.0,0,0.0,17,371.3,94,2156.73,31,906.25,14,415.2,7,226.8,35,867.14,8,288.55,5,176.39,1,30.0
122,KEEPERsport,KS70004-066,KEEPERsport GKSix GK-Shirt Set,1009,Torwartset,dash_pattern,KS70004-066,151,5334.47,0,0.0,75,2606.86,53,1889.72,17,594.92,6,242.97,0,0.0,0,0.0,0,0.0,0,0.0,30,992.65,5,253.68,27,821.96,13,538.57,24,834.69,6,245.31,16,556.79,7,252.93,1,40.74,1,43.34,4,153.65,11,357.19,5,205.48,1,37.49
122,KEEPERsport,KS70004-908,KEEPERsport GKSix GK-Shirt Set,1009,Torwartset,dash_pattern,KS70004-908,129,4659.13,0,0.0,37,1428.11,53,1847.15,31,1077.46,8,306.41,0,0.0,0,0.0,0,0.0,0,0.0,15,582.54,2,103.64,7,189.62,13,552.31,15,529.91,13,545.28,20,611.97,5,159.99,4,173.43,7,255.3,10,362.73,10,286.0,6,222.39,2,84.02
122,KEEPERsport,KS70006-904,KEEPERsport Torwarttrikot Blau,1009,Torwartset,dash_pattern,KS70006-904,330,4531.56,0,0.0,0,0.0,145,2316.4,177,2089.41,8,125.75,0,0.0,0,0.0,0,0.0,0,0.0,0,0.0,0,0.0,0,0.0,0,0.0,0,0.0,35,598.09,103,1606.73,7,111.58,10,131.52,13,112.08,128,1578.04,26,267.77,8,125.75,0,0.0
129,rehab,RH7003-011,rehab GK Basic Set s/s (black/yellow),1009,Torwartset,dash_pattern,RH7003-011,213,4125.46,49,1054.12,82,1606.08,37,737.16,44,714.98,1,13.12,0,0.0,1,21.16,34,738.65,14,294.31,19,375.77,15,314.08,16,345.51,32,570.72,6,108.16,9,183.17,13,275.88,9,169.95,4,68.78,17,308.74,10,153.98,13,183.48,1,13.12,0,0.0
122,KEEPERsport,KS70006-906,KEEPERsport Torwarttrikot Set Gelb F906,1009,Torwartset,dash_pattern,KS70006-906,347,4124.25,0,0.0,230,2791.34,21,391.26,92,941.65,4,0.0,0,0.0,0,0.0,0,0.0,0,0.0,0,0.0,0,0.0,222,2686.73,8,104.61,2,57.15,4,113.27,14,208.37,1,12.47,2,46.21,35,90.24,39,533.08,16,272.12,4,0.0,0,0.0
122,KEEPERsport,KS70006-910,KEEPERsport Torwarttrikot Orange,1009,Torwartset,dash_pattern,KS70006-910,309,3787.75,0,0.0,0,0.0,247,3151.9,60,601.96,2,33.89,0,0.0,0,0.0,0,0.0,0,0.0,0,0.0,0,0.0,0,0.0,0,0.0,0,0.0,120,1508.68,122,1567.99,5,75.23,2,31.71,13,164.31,33,367.89,12,38.05,2,33.89,0,0.0
121,HO Soccer,HO50_5045_8408,HO Soccer Set Premier Lime,1009,Torwartset,legacy,,220,3760.63,14,400.42,190,3073.97,16,286.24,0,0.0,0,0.0,5,134.77,1,24.55,1,24.55,7,216.55,45,750.42,52,736.9,37,632.3,56,954.35,3,52.86,6,103.49,4,76.96,3,52.93,0,0.0,0,0.0,0,0.0,0,0.0,0,0.0,0,0.0
129,rehab,RH7003-068,rehab GK Set s/s (red),1009,Torwartset,dash_pattern,RH7003-068,135,3583.14,39,1207.86,35,987.02,34,883.53,26,481.78,1,22.95,0,0.0,5,164.76,22,682.72,12,360.38,7,200.13,8,245.92,14,415.02,6,125.95,8,221.11,9,229.2,10,266.79,7,166.43,9,196.14,7,128.67,4,71.36,6,85.61,0,0.0,1,22.95
129,rehab,RH7004-011,rehab GK Basic Set l/s (yellow),1009,Torwartset,dash_pattern,RH7004-011,143,3563.64,76,1902.64,28,780.01,16,398.47,18,389.42,5,93.1,0,0.0,1,30.28,40,1001.97,35,870.39,12,321.91,4,112.51,6,204.78,6,140.81,3,71.49,3,79.06,7,184.58,3,63.34,5,109.68,7,157.14,5,92.32,1,30.28,5,93.1,0,0.0
129,rehab,RH7005-470,rehab GK Set l/s (blue),1009,Torwartset,dash_pattern,RH7005-470,124,3563.62,42,1282.52,48,1390.23,25,676.61,8,188.74,1,25.52,0,0.0,3,90.02,20,617.11,19,575.39,16,492.86,12,333.7,8,250.25,12,313.42,12,331.72,3,90.46,5,135.17,5,119.26,5,116.32,1,20.82,2,51.6,0,0.0,1,25.52,0,0.0
129,rehab,RH7003-375,rehab GK Set s/s Basic,1009,Torwartset,dash_pattern,RH7003-375,190,3556.33,44,926.63,72,1371.65,37,717.61,35,513.8,2,26.64,0,0.0,0,0.0,30,640.8,14,285.83,40,722.56,13,274.26,9,183.78,10,191.05,5,97.8,10,203.41,12,234.8,10,181.6,7,123.12,11,149.02,4,68.15,13,173.51,2,26.64,0,0.0
122,KEEPERsport,KS70000-064,KEEPERsport Set Panther-Eagle (orange),1009,Torwartset,dash_pattern,KS70000-064,130,3509.19,67,1785.58,26,753.65,21,585.17,15,368.44,1,16.35,6,222.08,17,487.28,11,323.2,33,753.02,7,242.21,6,171.7,7,180.96,6,158.78,2,57.42,8,212.22,3,85.05,8,230.48,3,85.05,4,107.36,2,49.1,6,126.93,1,16.35,0,0.0
122,KEEPERsport,KS70006-907,KEEPERsport Set Torwarttrikot Grün,1009,Torwartset,dash_pattern,KS70006-907,250,3456.83,0,0.0,45,607.58,39,642.35,162,2131.1,4,75.8,0,0.0,0,0.0,0,0.0,0,0.0,0,0.0,5,77.86,18,377.57,22,152.15,9,160.96,2,52.13,22,311.63,6,117.63,4,104.68,114,1433.18,41,539.3,3,53.94,4,75.8,0,0.0
129,rehab,RH7004-375,rehab GK Set l/s Basic,1009,Torwartset,dash_pattern,RH7004-375,141,3443.35,59,1512.69,39,972.49,16,408.1,19,386.55,8,163.52,0,0.0,2,53.32,30,791.28,27,668.09,6,129.46,13,339.4,14,355.83,6,147.8,5,121.22,4,100.0,2,52.52,5,134.36,4,93.5,2,34.4,8,149.95,5,108.7,7,147.77,1,15.75
122,KEEPERsport,KS70004K-908,KEEPERsport GKSix GK-Shirt Set Junior,1009,Torwartset,dash_pattern,KS70004K-908,86,3060.1,0,0.0,37,1402.57,27,910.22,17,562.13,5,185.18,0,0.0,0,0.0,0,0.0,0,0.0,11,387.87,8,364.36,9,307.82,9,342.52,4,133.44,6,206.83,11,369.46,6,200.49,3,116.73,4,119.07,5,166.19,5,160.14,4,156.01,1,29.17
122,KEEPERsport,KS70004K-066,KEEPERsport GKSix GK-Shirt Set Junior,1009,Torwartset,dash_pattern,KS70004K-066,85,2898.16,0,0.0,26,925.44,20,664.94,36,1201.95,3,105.83,0,0.0,0,0.0,0,0.0,0,0.0,11,358.68,7,325.18,3,75.3,5,166.28,3,119.06,6,226.25,5,163.74,6,155.89,6,250.6,8,261.2,10,328.59,12,361.56,3,105.83,0,0.0
129,rehab,RH7001-119,rehab GK Set,1009,Torwartset,dash_pattern,RH7001-119,123,2841.96,52,1363.98,35,886.94,16,301.36,16,233.73,4,55.95,9,250.38,11,278.83,12,312.89,20,521.88,18,461.27,7,177.8,5,152.23,5,95.64,4,75.38,4,63.91,4,90.18,4,71.89,2,32.36,0,0.0,4,68.62,10,132.75,4,55.95,0,0.0
122,KEEPERsport,KS70000-456,KEEPERsport GK Set Panther-Eagle (blue),1009,Torwartset,dash_pattern,KS70000-456,96,2617.21,43,1202.62,19,540.02,23,644.62,9,195.7,2,34.25,1,37.59,4,138.44,30,773.45,8,253.14,4,130.76,2,55.13,8,218.54,5,135.59,1,30.25,8,215.92,7,196.69,7,201.76,0,0.0,0,0.0,3,75.76,6,119.94,1,17.9,1,16.35
122,KEEPERsport,KS70004-405,KEEPERsport Torwarttrikot Set Premier B,1009,Torwartset,dash_pattern,KS70004-405,64,2491.28,59,2328.87,3,100.93,1,30.74,1,30.74,0,0.0,26,1032.89,19,739.04,10,411.42,4,145.52,2,70.19,0,0.0,0,0.0,1,30.74,0,0.0,1,30.74,0,0.0,0,0.0,0,0.0,1,30.74,0,0.0,0,0.0,0,0.0,0,0.0
122,KEEPERsport,KS70006K-904,KEEPERSport Torwarttrikot Set Kids Blau,1009,Torwartset,dash_pattern,KS70006K-904,171,2404.28,0,0.0,0,0.0,73,1113.85,95,1265.47,3,24.96,0,0.0,0,0.0,0,0.0,0,0.0,0,0.0,0,0.0,0,0.0,0,0.0,0,0.0,37,623.43,33,440.09,3,50.33,3,52.5,11,176.18,41,425.65,40,611.14,3,24.96,0,0.0
129,rehab,RH7001-616,Rehab Torwart Set Grau Schwarz F616,1009,Torwartset,dash_pattern,RH7001-616,93,2318.01,85,2132.69,8,185.32,0,0.0,0,0.0,0,0.0,27,664.51,29,771.84,14,322.4,15,373.94,4,87.42,1,26.22,1,25.2,2,46.48,0,0.0,0,0.0,0,0.0,0,0.0,0,0.0,0,0.0,0,0.0,0,0.0,0,0.0,0,0.0
121,HO Soccer,HO50_5045_8430,HO Soccer Set Premier blu,1009,Torwartset,legacy,,128,2302.88,13,367.34,93,1618.91,18,262.19,3,36.22,1,18.22,4,102.48,2,54.8,3,101.88,4,108.18,35,584.7,26,494.2,20,330.43,12,209.58,3,42.44,2,33.24,8,117.87,5,68.64,2,17.97,0,0.0,0,0.0,1,18.25,1,18.22,0,0.0
121,HO Soccer,HO50_5099_7935,HO Soccer Set Premier 3/4 lime,1009,Torwartset,legacy,,123,2012.24,0,0.0,111,1837.31,8,103.55,4,71.38,0,0.0,0,0.0,0,0.0,0,0.0,0,0.0,27,450.9,42,700.65,29,472.96,13,212.8,2,29.6,1,16.35,2,17.53,3,40.07,2,34.6,1,17.58,0,0.0,1,19.2,0,0.0,0,0.0
122,KEEPERsport,KS70001-633,KEEPERsport GK-Shirt Set LS,1009,Torwartset,dash_pattern,KS70001-633,72,2011.15,41,1393.34,8,231.51,12,182.38,11,203.92,0,0.0,5,204.79,15,528.07,8,274.01,13,386.47,4,124.54,2,60.08,0,0.0,2,46.89,1,26.61,5,73.34,5,59.89,1,22.54,0,0.0,6,116.37,1,22.05,4,65.5,0,0.0,0,0.0
121,HO Soccer,HO50_5099_7948,HO Soccer Set Premier 3/4 verde,1009,Torwartset,legacy,,111,1845.02,0,0.0,106,1769.33,5,75.69,0,0.0,0,0.0,0,0.0,0,0.0,0,0.0,0,0.0,32,513.34,42,662.6,26,479.33,6,114.06,0,0.0,2,21.98,1,10.93,2,42.78,0,0.0,0,0.0,0,0.0,0,0.0,0,0.0,0,0.0
121,HO Soccer,HO50_5045_4398,HO Soccer Set Premier arancione,1009,Torwartset,legacy,,96,1797.11,12,410.19,65,1095.18,16,238.01,2,38.16,1,15.57,1,27.07,2,51.54,2,88.46,7,243.12,26,429.27,15,244.61,15,257.3,9,164.0,4,62.41,1,8.29,6,76.73,5,90.58,1,18.25,1,19.91,0,0.0,0,0.0,1,15.57,0,0.0
129,rehab,RH7000-511,rehab Goalkeeper Set #Confusion,1009,Torwartset,dash_pattern,RH7000-511,88,1707.19,15,355.36,41,769.37,23,427.84,9,154.62,0,0.0,3,76.42,5,127.51,6,130.37,1,21.06,9,191.22,11,212.42,12,208.58,9,157.15,5,89.28,10,193.59,5,88.21,3,56.76,5,85.17,1,18.05,1,20.59,2,30.81,0,0.0,0,0.0
122,KEEPERsport,KS70006K-910,KEEPERSport Torwarttrikot Set Kids Oran,1009,Torwartset,dash_pattern,KS70006K-910,109,1641.53,0,0.0,0,0.0,65,921.83,39,654.13,5,65.57,0,0.0,0,0.0,0,0.0,0,0.0,0,0.0,0,0.0,0,0.0,0,0.0,0,0.0,4,75.57,46,635.61,15,210.65,2,54.15,17,348.94,17,207.11,3,43.93,5,65.57,0,0.0
122,KEEPERsport,KS70008-406,KEEPERsport Torwart Trikot Set Blau F40,1009,Torwartset,dash_pattern,KS70008-406,39,1632.82,0,0.0,0,0.0,11,486.67,28,1146.15,0,0.0,0,0.0,0,0.0,0,0.0,0,0.0,0,0.0,0,0.0,0,0.0,0,0.0,0,0.0,0,0.0,1,0.0,10,486.67,3,218.74,4,143.98,19,678.53,2,104.9,0,0.0,0,0.0
129,rehab,RH7002-414,rehab Goalkeeper Set #Confusion,1009,Torwartset,dash_pattern,RH7002-414,80,1570.29,16,379.63,25,499.15,25,434.11,13,237.63,1,19.77,4,103.98,2,52.23,5,112.82,5,110.6,2,41.84,6,138.33,10,197.77,7,121.21,5,91.95,7,113.99,6,109.55,7,118.62,4,86.83,2,32.84,5,87.15,2,30.81,1,19.77,0,0.0
122,KEEPERsport,KS70006K-906,KEEPERsport Torwarttrikot Set Kids Gelb,1009,Torwartset,dash_pattern,KS70006K-906,111,1475.69,0,0.0,89,1111.28,3,67.13,16,247.99,3,49.29,0,0.0,0,0.0,0,0.0,0,0.0,0,0.0,0,0.0,84,1027.48,5,83.8,0,0.0,3,67.13,0,0.0,0,0.0,1,17.5,6,68.0,1,17.08,8,145.41,3,49.29,0,0.0
121,HO Soccer,HO50_5099_7952,HO Soccer Set Premier 3/4 arancione,1009,Torwartset,legacy,,88,1469.22,0,0.0,74,1249.39,10,149.68,4,70.15,0,0.0,0,0.0,0,0.0,0,0.0,0,0.0,28,444.51,25,425.95,15,267.84,6,111.09,1,13.63,6,83.56,0,0.0,3,52.49,2,34.6,0,0.0,0,0.0,2,35.55,0,0.0,0,0.0
122,KEEPERsport,KS620-456,KEEPERsport GK Set Panther (blue),1009,Torwartset,dash_pattern,KS620-456,56,1302.6,54,1242.1,2,60.5,0,0.0,0,0.0,0,0.0,4,109.44,5,141.6,34,737.04,11,254.02,2,60.5,0,0.0,0,0.0,0,0.0,0,0.0,0,0.0,0,0.0,0,0.0,0,0.0,0,0.0,0,0.0,0,0.0,0,0.0,0,0.0
129,rehab,RH7002-615,rehab Goalkeeper Set #YourArmour,1009,Torwartset,dash_pattern,RH7002-615,52,1253.82,21,534.92,16,377.44,11,243.51,3,77.46,1,20.49,10,235.27,5,133.22,2,51.96,4,114.47,0,0.0,7,159.12,6,151.81,3,66.51,0,0.0,3,71.73,5,107.37,3,64.41,2,51.27,1,26.19,0,0.0,0,0.0,1,20.49,0,0.0
129,rehab,RH7000-012,rehab Goalkeeper Set #BombTag,1009,Torwartset,dash_pattern,RH7000-012,56,1232.51,15,359.03,16,390.1,17,308.07,7,154.82,1,20.49,3,77.18,3,86.87,4,85.96,5,109.02,3,68.1,2,51.53,1,25.05,10,245.42,3,73.88,7,110.07,3,42.16,4,81.96,1,20.49,1,26.19,1,16.39,4,91.75,1,20.49,0,0.0
122,KEEPERsport,KS70008K-109,KEEPERsport Torwart Trikot Set Kids Ora,1009,Torwartset,dash_pattern,KS70008K-109,27,1199.54,0,0.0,0,0.0,10,521.32,17,678.22,0,0.0,0,0.0,0,0.0,0,0.0,0,0.0,0,0.0,0,0.0,0,0.0,0,0.0,0,0.0,0,0.0,2,138.05,8,383.27,2,94.29,8,320.35,6,222.16,1,41.42,0,0.0,0,0.0
122,KEEPERsport,KS70008K-558,KEEPERsport Torwart Trikot Set Kids Grü,1009,Torwartset,dash_pattern,KS70008K-558,21,1081.36,0,0.0,0,0.0,11,497.0,10,584.36,0,0.0,0,0.0,0,0.0,0,0.0,0,0.0,0,0.0,0,0.0,0,0.0,0,0.0,0,0.0,0,0.0,1,67.18,10,429.82,6,362.93,3,162.41,1,59.02,0,0.0,0,0.0,0,0.0
122,KEEPERsport,KS70006K-907,KEEPERsport Torwarttrikot Set Kids Grün,1009,Torwartset,dash_pattern,KS70006K-907,61,1012.66,0,0.0,4,77.84,17,336.07,37,534.88,3,63.87,0,0.0,0,0.0,0,0.0,0,0.0,0,0.0,0,0.0,0,0.0,4,77.84,1,24.96,3,75.22,9,188.37,4,47.52,1,25.17,2,37.47,29,396.94,5,75.3,3,63.87,0,0.0
122,KEEPERsport,KS70008K-406,KEEPERsport Torwart Trikot Set Kids Bla,1009,Torwartset,dash_pattern,KS70008K-406,20,985.83,0,0.0,0,0.0,9,493.05,11,492.78,0,0.0,0,0.0,0,0.0,0,0.0,0,0.0,0,0.0,0,0.0,0,0.0,0,0.0,0,0.0,0,0.0,1,46.67,8,446.38,6,246.36,5,246.42,0,0.0,0,0.0,0,0.0,0,0.0
122,KEEPERsport,KS620-163,KEEPERsport Set Panther #KsMasterpiece,1009,Torwartset,dash_pattern,KS620-163,35,963.02,35,963.02,0,0.0,0,0.0,0,0.0,0,0.0,18,506.84,13,351.08,3,80.55,1,24.55,0,0.0,0,0.0,0,0.0,0,0.0,0,0.0,0,0.0,0,0.0,0,0.0,0,0.0,0,0.0,0,0.0,0,0.0,0,0.0,0,0.0
121,HO Soccer,HO505045-BLUE,HO-Soccer Set Premier (blue/black),1009,Torwartset,legacy,,59,941.13,0,0.0,59,941.13,0,0.0,0,0.0,0,0.0,0,0.0,0,0.0,0,0.0,0,0.0,26,413.24,33,527.89,0,0.0,0,0.0,0,0.0,0,0.0,0,0.0,0,0.0,0,0.0,0,0.0,0,0.0,0,0.0,0,0.0,0,0.0
122,KEEPERsport,KS70008K-006,KEEPERsport Torwart Trikot Set Kids Gel,1009,Torwartset,dash_pattern,KS70008K-006,17,838.64,0,0.0,0,0.0,5,279.76,12,558.88,0,0.0,0,0.0,0,0.0,0,0.0,0,0.0,0,0.0,0,0.0,0,0.0,0,0.0,0,0.0,0,0.0,0,0.0,5,279.76,4,196.54,7,328.01,1,34.33,0,0.0,0,0.0,0,0.0
122,KEEPERsport,KS620-002,KEEPERsport GK Set Panther (yellow),1009,Torwartset,dash_pattern,KS620-002,28,748.86,17,443.46,11,305.4,0,0.0,0,0.0,0,0.0,2,57.03,5,128.31,1,26.99,9,231.13,7,201.33,3,77.0,1,27.07,0,0.0,0,0.0,0,0.0,0,0.0,0,0.0,0,0.0,0,0.0,0,0.0,0,0.0,0,0.0,0,0.0
122,KEEPERsport,KS620-064,KEEPERsport GK Set Panther (orange),1009,Torwartset,dash_pattern,KS620-064,32,729.91,21,495.03,3,79.38,8,155.5,0,0.0,0,0.0,4,101.03,2,59.29,9,208.11,6,126.6,1,26.97,0,0.0,0,0.0,2,52.41,2,48.9,0,0.0,1,24.55,5,82.05,0,0.0,0,0.0,0,0.0,0,0.0,0,0.0,0,0.0
122,KEEPERsport,KS620-615,KEEPERsport GK Set Panther (blau),1009,Torwartset,dash_pattern,KS620-615,26,727.97,3,99.44,3,124.58,10,245.74,10,258.21,0,0.0,0,0.0,1,40.94,0,0.0,2,58.5,0,0.0,1,48.85,1,43.85,1,31.88,1,26.3,0,0.0,1,28.69,8,190.75,4,103.41,4,103.2,1,22.95,1,28.65,0,0.0,0,0.0
122,KEEPERsport,KS01KS611-13,"KEEPERsport Set ""Panther Light""",1009,Torwartset,dash_pattern,KS01KS611-13,37,657.58,0,0.0,0,0.0,0,0.0,37,657.58,0,0.0,0,0.0,0,0.0,0,0.0,0,0.0,0,0.0,0,0.0,0,0.0,0,0.0,0,0.0,0,0.0,0,0.0,0,0.0,17,299.81,3,57.53,17,300.24,0,0.0,0,0.0,0,0.0
129,rehab,RH7001-615,rehab Goalkeeper Set #NoWayIn,1009,Torwartset,dash_pattern,RH7001-615,19,573.1,6,191.51,9,298.19,4,83.4,0,0.0,0,0.0,1,20.83,1,37.84,3,100.06,1,32.78,2,65.56,2,67.94,1,33.57,4,131.12,0,0.0,1,20.49,2,42.42,1,20.49,0,0.0,0,0.0,0,0.0,0,0.0,0,0.0,0,0.0
121,HO Soccer,HO505045-LIME,HO-Soccer Set Premier (lime/black),1009,Torwartset,legacy,,35,571.71,0,0.0,35,571.71,0,0.0,0,0.0,0,0.0,0,0.0,0,0.0,0,0.0,0,0.0,24,374.05,11,197.66,0,0.0,0,0.0,0,0.0,0,0.0,0,0.0,0,0.0,0,0.0,0,0.0,0,0.0,0,0.0,0,0.0,0,0.0
122,KEEPERsport,KS620-006,KEEPERsport GK Set Panther (red),1009,Torwartset,dash_pattern,KS620-006,24,559.93,11,261.28,8,195.4,3,72.92,2,30.33,0,0.0,1,32.46,2,59.07,4,75.08,4,94.67,2,55.19,0,0.0,1,24.55,5,115.66,1,22.54,1,25.01,1,25.37,0,0.0,0,0.0,0,0.0,0,0.0,2,30.33,0,0.0,0,0.0
122,KEEPERsport,KS70008-006,KEEPERsport Torwart Trikot Set Gelb F00,1009,Torwartset,dash_pattern,KS70008-006,9,477.64,0,0.0,0,0.0,3,185.16,6,292.48,0,0.0,0,0.0,0,0.0,0,0.0,0,0.0,0,0.0,0,0.0,0,0.0,0,0.0,0,0.0,0,0.0,1,70.54,2,114.62,3,157.61,2,101.58,1,33.29,0,0.0,0,0.0,0,0.0
122,KEEPERsport,KS70008-109,KEEPERsport Torwart Trikot Set Orange F,1009,Torwartset,dash_pattern,KS70008-109,8,381.57,0,0.0,0,0.0,3,146.32,5,235.25,0,0.0,0,0.0,0,0.0,0,0.0,0,0.0,0,0.0,0,0.0,0,0.0,0,0.0,0,0.0,0,0.0,0,0.0,3,146.32,1,66.62,0,0.0,4,168.63,0,0.0,0,0.0,0,0.0
122,KEEPERsport,KS611-032,KEEPERsport GK Set Panther Promo,1009,Torwartset,dash_pattern,KS611-032,16,303.3,8,161.38,2,32.7,2,34.14,4,75.08,0,0.0,3,54.75,0,0.0,0,0.0,5,106.63,2,32.7,0,0.0,0,0.0,0,0.0,0,0.0,0,0.0,0,0.0,2,34.14,3,56.83,0,0.0,1,18.25,0,0.0,0,0.0,0,0.0
122,KEEPERsport,KS613-615,KEEPERsport GK Set Eagle s/s (blue),1009,Torwartset,dash_pattern,KS613-615,9,247.91,1,33.67,3,88.1,0,0.0,4,104.09,1,22.05,0,0.0,0,0.0,1,33.67,0,0.0,0,0.0,0,0.0,1,30.72,2,57.38,0,0.0,0,0.0,0,0.0,0,0.0,0,0.0,3,81.14,1,22.95,0,0.0,1,22.05,0,0.0
121,HO Soccer,HO506044-16,HO SOCCER Covenant ElbowPad (lime),1009,Torwartset,legacy,,10,245.14,5,127.32,4,101.47,0,0.0,1,16.35,0,0.0,0,0.0,0,0.0,5,127.32,0,0.0,1,23.84,1,25.03,2,52.6,0,0.0,0,0.0,0,0.0,0,0.0,0,0.0,0,0.0,0,0.0,1,16.35,0,0.0,0,0.0,0,0.0
122,KEEPERsport,KS613-023,KEEPERsport GK Set GuKra4 Camo,1009,Torwartset,dash_pattern,KS613-023,6,220.54,1,46.12,2,81.88,3,92.54,0,0.0,0,0.0,1,46.12,0,0.0,0,0.0,0,0.0,2,81.88,0,0.0,0,0.0,0,0.0,1,40.94,0,0.0,0,0.0,2,51.6,0,0.0,0,0.0,0,0.0,0,0.0,0,0.0,0,0.0
121,HO Soccer,HO506044-03,HO SOCCER Covenant ElbowPad (blue),1009,Torwartset,legacy,,10,219.21,4,90.05,5,105.32,1,23.84,0,0.0,0,0.0,0,0.0,2,46.87,1,24.55,1,18.63,1,23.77,1,23.84,1,24.55,2,33.16,0,0.0,0,0.0,1,23.84,0,0.0,0,0.0,0,0.0,0,0.0,0,0.0,0,0.0,0,0.0
122,KEEPERsport,KS613-032,KEEPERsport GK Set GuKra4 l/s,1009,Torwartset,dash_pattern,KS613-032,5,184.63,2,82.3,2,79.38,0,0.0,1,22.95,0,0.0,0,0.0,0,0.0,2,82.3,0,0.0,0,0.0,0,0.0,0,0.0,2,79.38,0,0.0,0,0.0,0,0.0,0,0.0,1,22.95,0,0.0,0,0.0,0,0.0,0,0.0,0,0.0
121,HO Soccer,HO50-5038-21,HO Soccer completo portiere (fucsia),1009,Torwartset,legacy,,10,153.97,10,153.97,0,0.0,0,0.0,0,0.0,0,0.0,2,30.48,2,31.84,4,56.44,2,35.21,0,0.0,0,0.0,0,0.0,0,0.0,0,0.0,0,0.0,0,0.0,0,0.0,0,0.0,0,0.0,0,0.0,0,0.0,0,0.0,0,0.0
122,KEEPERsport,KS01KS613-2,KEEPERsport GK Set GuKra3 s/s Festive,1009,Torwartset,dash_pattern,KS01KS613-2,5,97.26,1,24.55,3,54.75,1,17.96,0,0.0,0,0.0,0,0.0,1,24.55,0,0.0,0,0.0,0,0.0,0,0.0,2,38.4,1,16.35,1,17.96,0,0.0,0,0.0,0,0.0,0,0.0,0,0.0,0,0.0,0,0.0,0,0.0,0,0.0
122,KEEPERsport,KS611-304,KEEPERsport GK Set Panther Promo,1009,Torwartset,dash_pattern,KS611-304,5,87.63,3,52.86,0,0.0,1,18.42,1,16.35,0,0.0,3,52.86,0,0.0,0,0.0,0,0.0,0,0.0,0,0.0,0,0.0,0,0.0,1,18.42,0,0.0,0,0.0,0,0.0,1,16.35,0,0.0,0,0.0,0,0.0,0,0.0,0,0.0
121,HO Soccer,HO50-5032J,HO Soccer Set Portiere Junior,1009,Torwartset,legacy,,3,85.99,0,0.0,1,36.89,2,49.1,0,0.0,0,0.0,0,0.0,0,0.0,0,0.0,0,0.0,0,0.0,0,0.0,0,0.0,1,36.89,0,0.0,0,0.0,0,0.0,2,49.1,0,0.0,0,0.0,0,0.0,0,0.0,0,0.0,0,0.0
122,KEEPERsport,KS613-304,KEEPERsport GK Set GuKra4 s/s,1009,Torwartset,dash_pattern,KS613-304,2,81.88,1,40.94,1,40.94,0,0.0,0,0.0,0,0.0,0,0.0,1,40.94,0,0.0,0,0.0,0,0.0,1,40.94,0,0.0,0,0.0,0,0.0,0,0.0,0,0.0,0,0.0,0,0.0,0,0.0,0,0.0,0,0.0,0,0.0,0,0.0
121,HO Soccer,HO50_5032_8430,HO Soccer Set One (blue),1009,Torwartset,legacy,,8,69.66,0,0.0,0,0.0,8,69.66,0,0.0,0,0.0,0,0.0,0,0.0,0,0.0,0,0.0,0,0.0,0,0.0,0,0.0,0,0.0,0,0.0,2,16.58,6,53.08,0,0.0,0,0.0,0,0.0,0,0.0,0,0.0,0,0.0,0,0.0
122,KEEPERsport,KS01KS419,KEEPERsport GK Set KEEPERnator 3/4,1009,Torwartset,legacy,,2,68.78,1,34.39,1,34.39,0,0.0,0,0.0,0,0.0,1,34.39,0,0.0,0,0.0,0,0.0,0,0.0,1,34.39,0,0.0,0,0.0,0,0.0,0,0.0,0,0.0,0,0.0,0,0.0,0,0.0,0,0.0,0,0.0,0,0.0,0,0.0
121,HO Soccer,HO0505807,HO Soccer Overall Kevlar,1009,Torwartset,legacy,,2,44.1,0,0.0,0,0.0,0,0.0,0,0.0,2,44.1,0,0.0,0,0.0,0,0.0,0,0.0,0,0.0,0,0.0,0,0.0,0,0.0,0,0.0,0,0.0,0,0.0,0,0.0,0,0.0,0,0.0,0,0.0,0,0.0,2,44.1,0,0.0
